{
	"ambientocclusion": false,
	"elements": [
		{
			"from": [3, 15, 2],
			"to": [5, 19, 4],
			"shade": false,
			"rotation": {"angle": 22.5, "axis": "z", "origin": [4, 16, 3]},
			"faces": {
				"north": {"uv": [6, 2, 8, 6], "texture": "#crystal", "cullface": "up"},
				"east": {"uv": [4, 2, 6, 6], "texture": "#crystal", "cullface": "up"},
				"south": {"uv": [2, 2, 4, 6], "texture": "#crystal", "cullface": "up"},
				"west": {"uv": [0, 2, 2, 6], "texture": "#crystal", "cullface": "up"},
				"up": {"uv": [2, 0, 4, 2], "texture": "#crystal", "cullface": "up"}
			}
		},
		{
			"from": [11, 15, 4],
			"to": [14, 21, 7],
			"shade": false,
			"rotation": {"angle": -22.5, "axis": "z", "origin": [12.5, 16, 5.5]},
			"faces": {
				"north": {"uv": [9, 3, 12, 9], "texture": "#crystal", "cullface": "up"},
				"east": {"uv": [6, 3, 9, 9], "texture": "#crystal", "cullface": "up"},
				"south": {"uv": [3, 3, 6, 9], "texture": "#crystal", "cullface": "up"},
				"west": {"uv": [0, 3, 3, 9], "texture": "#crystal", "cullface": "up"},
				"up": {"uv": [3, 0, 6, 3], "texture": "#crystal", "cullface": "up"}
			}
		},
		{
			"from": [5, 15, 11],
			"to": [8, 20, 14],
			"shade": false,
			"rotation": {"angle": 22.5, "axis": "x", "origin": [6.5, 16, 12.5]},
			"faces": {
				"north": {"uv": [9, 11, 12, 16], "texture": "#crystal", "cullface": "up"},
				"east": {"uv": [6, 11, 9, 16], "texture": "#crystal", "cullface": "up"},
				"south": {"uv": [3, 11, 6, 16], "texture": "#crystal", "cullface": "up"},
				"west": {"uv": [0, 11, 3, 16], "texture": "#crystal", "cullface": "up"},
				"up": {"uv": [3, 8, 6, 11], "texture": "#crystal", "cullface": "up"}
			}
		},
		{
			"from": [-4, 5, 11],
			"to": [1, 8, 14],
			"shade": false,
			"rotation": {"angle": 22.5, "axis": "y", "origin": [0, 6.5, 12.5]},
			"faces": {
				"north": {"uv": [9, 11, 12, 16], "rotation": 90, "texture": "#crystal", "cullface": "west"},
				"south": {"uv": [3, 11, 6, 16], "rotation": 270, "texture": "#crystal", "cullface": "west"},
				"west": {"uv": [3, 8, 6, 11], "rotation": 270, "texture": "#crystal", "cullface": "west"},
				"up": {"uv": [6, 11, 9, 16], "rotation": 270, "texture": "#crystal", "cullface": "west"},
				"down": {"uv": [0, 11, 3, 16], "rotation": 270, "texture": "#crystal", "cullface": "west"}
			}
		},
		{
			"from": [-5, 11, 4],
			"to": [1, 14, 7],
			"shade": false,
			"rotation": {"angle": -22.5, "axis": "z", "origin": [0, 12.5, 5.5]},
			"faces": {
				"north": {"uv": [9, 3, 12, 9], "rotation": 90, "texture": "#crystal", "cullface": "west"},
				"south": {"uv": [3, 3, 6, 9], "rotation": 270, "texture": "#crystal", "cullface": "west"},
				"west": {"uv": [3, 0, 6, 3], "rotation": 270, "texture": "#crystal", "cullface": "west"},
				"up": {"uv": [6, 3, 9, 9], "rotation": 270, "texture": "#crystal", "cullface": "west"},
				"down": {"uv": [0, 3, 3, 9], "rotation": 270, "texture": "#crystal", "cullface": "west"}
			}
		},
		{
			"from": [-3, 3, 2],
			"to": [1, 5, 4],
			"shade": false,
			"rotation": {"angle": 22.5, "axis": "z", "origin": [0, 4, 3]},
			"faces": {
				"north": {"uv": [6, 2, 8, 6], "rotation": 90, "texture": "#crystal", "cullface": "west"},
				"south": {"uv": [2, 2, 4, 6], "rotation": 270, "texture": "#crystal", "cullface": "west"},
				"west": {"uv": [2, 0, 4, 2], "rotation": 270, "texture": "#crystal", "cullface": "west"},
				"up": {"uv": [4, 2, 6, 6], "rotation": 270, "texture": "#crystal", "cullface": "west"},
				"down": {"uv": [0, 2, 2, 6], "rotation": 270, "texture": "#crystal", "cullface": "west"}
			}
		},
		{
			"from": [5, 2, 15],
			"to": [8, 5, 20],
			"shade": false,
			"rotation": {"angle": 22.5, "axis": "x", "origin": [6.5, 3.5, 16]},
			"faces": {
				"east": {"uv": [6, 11, 9, 16], "rotation": 270, "texture": "#crystal", "cullface": "south"},
				"south": {"uv": [3, 8, 6, 11], "texture": "#crystal", "cullface": "south"},
				"west": {"uv": [0, 11, 3, 16], "rotation": 90, "texture": "#crystal", "cullface": "south"},
				"up": {"uv": [9, 11, 12, 16], "rotation": 180, "texture": "#crystal", "cullface": "south"},
				"down": {"uv": [3, 11, 6, 16], "texture": "#crystal", "cullface": "south"}
			}
		},
		{
			"from": [11, 9, 15],
			"to": [14, 12, 21],
			"shade": false,
			"rotation": {"angle": 22.5, "axis": "y", "origin": [12.5, 10.5, 16]},
			"faces": {
				"east": {"uv": [6, 3, 9, 9], "rotation": 270, "texture": "#crystal", "cullface": "south"},
				"south": {"uv": [3, 0, 6, 3], "texture": "#crystal", "cullface": "south"},
				"west": {"uv": [0, 3, 3, 9], "rotation": 90, "texture": "#crystal", "cullface": "south"},
				"up": {"uv": [9, 3, 12, 9], "rotation": 180, "texture": "#crystal", "cullface": "south"},
				"down": {"uv": [3, 3, 6, 9], "texture": "#crystal", "cullface": "south"}
			}
		},
		{
			"from": [3, 12, 15],
			"to": [5, 14, 19],
			"shade": false,
			"rotation": {"angle": -22.5, "axis": "y", "origin": [4, 13, 16]},
			"faces": {
				"east": {"uv": [4, 2, 6, 6], "rotation": 270, "texture": "#crystal", "cullface": "south"},
				"south": {"uv": [2, 0, 4, 2], "texture": "#crystal", "cullface": "south"},
				"west": {"uv": [0, 2, 2, 6], "rotation": 90, "texture": "#crystal", "cullface": "south"},
				"up": {"uv": [6, 2, 8, 6], "rotation": 180, "texture": "#crystal", "cullface": "south"},
				"down": {"uv": [2, 2, 4, 6], "texture": "#crystal", "cullface": "south"}
			}
		},
		{
			"from": [15, 8, 11],
			"to": [20, 11, 14],
			"shade": false,
			"rotation": {"angle": -22.5, "axis": "y", "origin": [16, 9.5, 12.5]},
			"faces": {
				"north": {"uv": [9, 11, 12, 16], "rotation": 270, "texture": "#crystal", "cullface": "east"},
				"east": {"uv": [3, 8, 6, 11], "rotation": 90, "texture": "#crystal", "cullface": "east"},
				"south": {"uv": [3, 11, 6, 16], "rotation": 90, "texture": "#crystal", "cullface": "east"},
				"up": {"uv": [0, 11, 3, 16], "rotation": 90, "texture": "#crystal", "cullface": "east"},
				"down": {"uv": [6, 11, 9, 16], "rotation": 90, "texture": "#crystal", "cullface": "east"}
			}
		},
		{
			"from": [15, 2, 4],
			"to": [21, 5, 7],
			"shade": false,
			"rotation": {"angle": -22.5, "axis": "z", "origin": [16, 3.5, 5.5]},
			"faces": {
				"north": {"uv": [9, 3, 12, 9], "rotation": 270, "texture": "#crystal", "cullface": "east"},
				"east": {"uv": [3, 0, 6, 3], "rotation": 90, "texture": "#crystal", "cullface": "east"},
				"south": {"uv": [3, 3, 6, 9], "rotation": 90, "texture": "#crystal", "cullface": "east"},
				"up": {"uv": [0, 3, 3, 9], "rotation": 90, "texture": "#crystal", "cullface": "east"},
				"down": {"uv": [6, 3, 9, 9], "rotation": 90, "texture": "#crystal", "cullface": "east"}
			}
		},
		{
			"from": [15, 11, 2],
			"to": [19, 13, 4],
			"shade": false,
			"rotation": {"angle": 22.5, "axis": "z", "origin": [16, 12, 3]},
			"faces": {
				"north": {"uv": [6, 2, 8, 6], "rotation": 270, "texture": "#crystal", "cullface": "east"},
				"east": {"uv": [2, 0, 4, 2], "rotation": 90, "texture": "#crystal", "cullface": "east"},
				"south": {"uv": [2, 2, 4, 6], "rotation": 90, "texture": "#crystal", "cullface": "east"},
				"up": {"uv": [0, 2, 2, 6], "rotation": 90, "texture": "#crystal", "cullface": "east"},
				"down": {"uv": [4, 2, 6, 6], "rotation": 90, "texture": "#crystal", "cullface": "east"}
			}
		},
		{
			"from": [5, 11, -4],
			"to": [8, 14, 1],
			"shade": false,
			"rotation": {"angle": 22.5, "axis": "x", "origin": [6.5, 12.5, 0]},
			"faces": {
				"north": {"uv": [3, 8, 6, 11], "rotation": 180, "texture": "#crystal", "cullface": "north"},
				"east": {"uv": [6, 11, 9, 16], "rotation": 90, "texture": "#crystal", "cullface": "north"},
				"west": {"uv": [0, 11, 3, 16], "rotation": 270, "texture": "#crystal", "cullface": "north"},
				"up": {"uv": [3, 11, 6, 16], "texture": "#crystal", "cullface": "north"},
				"down": {"uv": [9, 11, 12, 16], "rotation": 180, "texture": "#crystal", "cullface": "north"}
			}
		},
		{
			"from": [11, 4, -5],
			"to": [14, 7, 1],
			"shade": false,
			"rotation": {"angle": -22.5, "axis": "y", "origin": [12.5, 5.5, 0]},
			"faces": {
				"north": {"uv": [3, 0, 6, 3], "rotation": 180, "texture": "#crystal", "cullface": "north"},
				"east": {"uv": [6, 3, 9, 9], "rotation": 90, "texture": "#crystal", "cullface": "north"},
				"west": {"uv": [0, 3, 3, 9], "rotation": 270, "texture": "#crystal", "cullface": "north"},
				"up": {"uv": [3, 3, 6, 9], "texture": "#crystal", "cullface": "north"},
				"down": {"uv": [9, 3, 12, 9], "rotation": 180, "texture": "#crystal", "cullface": "north"}
			}
		},
		{
			"from": [3, 2, -3],
			"to": [5, 4, 1],
			"shade": false,
			"rotation": {"angle": 22.5, "axis": "y", "origin": [4, 3, 0]},
			"faces": {
				"north": {"uv": [2, 0, 4, 2], "rotation": 180, "texture": "#crystal", "cullface": "north"},
				"east": {"uv": [4, 2, 6, 6], "rotation": 90, "texture": "#crystal", "cullface": "north"},
				"west": {"uv": [0, 2, 2, 6], "rotation": 270, "texture": "#crystal", "cullface": "north"},
				"up": {"uv": [2, 2, 4, 6], "texture": "#crystal", "cullface": "north"},
				"down": {"uv": [6, 2, 8, 6], "rotation": 180, "texture": "#crystal", "cullface": "north"}
			}
		},
		{
			"from": [3, -3, 12],
			"to": [5, 1, 14],
			"shade": false,
			"rotation": {"angle": -22.5, "axis": "z", "origin": [4, 0, 13]},
			"faces": {
				"north": {"uv": [2, 2, 4, 6], "rotation": 180, "texture": "#crystal", "cullface": "down"},
				"east": {"uv": [4, 2, 6, 6], "rotation": 180, "texture": "#crystal", "cullface": "down"},
				"south": {"uv": [6, 2, 8, 6], "rotation": 180, "texture": "#crystal", "cullface": "down"},
				"west": {"uv": [0, 2, 2, 6], "rotation": 180, "texture": "#crystal", "cullface": "down"},
				"down": {"uv": [2, 0, 4, 2], "texture": "#crystal", "cullface": "down"}
			}
		},
		{
			"from": [11, -5, 9],
			"to": [14, 1, 12],
			"shade": false,
			"rotation": {"angle": 22.5, "axis": "z", "origin": [12.5, 0, 10.5]},
			"faces": {
				"north": {"uv": [3, 3, 6, 9], "rotation": 180, "texture": "#crystal", "cullface": "down"},
				"east": {"uv": [6, 3, 9, 9], "rotation": 180, "texture": "#crystal", "cullface": "down"},
				"south": {"uv": [9, 3, 12, 9], "rotation": 180, "texture": "#crystal", "cullface": "down"},
				"west": {"uv": [0, 3, 3, 9], "rotation": 180, "texture": "#crystal", "cullface": "down"},
				"down": {"uv": [3, 0, 6, 3], "texture": "#crystal", "cullface": "down"}
			}
		},
		{
			"from": [5, -4, 2],
			"to": [8, 1, 5],
			"shade": false,
			"rotation": {"angle": 22.5, "axis": "x", "origin": [6.5, 0, 3.5]},
			"faces": {
				"north": {"uv": [3, 11, 6, 16], "rotation": 180, "texture": "#crystal", "cullface": "down"},
				"east": {"uv": [6, 11, 9, 16], "rotation": 180, "texture": "#crystal", "cullface": "down"},
				"south": {"uv": [9, 11, 12, 16], "rotation": 180, "texture": "#crystal", "cullface": "down"},
				"west": {"uv": [0, 11, 3, 16], "rotation": 180, "texture": "#crystal", "cullface": "down"},
				"down": {"uv": [3, 8, 6, 11], "texture": "#crystal", "cullface": "down"}
			}
		}
	]
}