{
	"ambientocclusion": false,
	"elements": [
		{
			"from": [9, -8, 10],
			"to": [11, 0, 12],
			"rotation": {"angle": 0, "axis": "y", "origin": [10, 0, 11]},
			"faces": {
				"north": {"uv": [5, 0, 7, 8], "texture": "#all", "cullface": "down"},
				"east": {"uv": [4, 0, 6, 8], "texture": "#all", "cullface": "down"},
				"south": {"uv": [9, 0, 11, 8], "texture": "#all", "cullface": "down"},
				"west": {"uv": [10, 0, 12, 8], "texture": "#all", "cullface": "down"},
				"down": {"uv": [9, 4, 11, 6], "texture": "#all", "cullface": "down"}
			}
		}
	]
}