{
	"ambientocclusion": false,
	"elements": [
		{
			"from": [6, -4, 5],
			"to": [14, 0, 13],
			"rotation": {"angle": 0, "axis": "y", "origin": [10, 0, 9]},
			"faces": {
				"north": {"uv": [2, 0, 10, 4], "texture": "#all", "cullface": "down"},
				"east": {"uv": [3, 0, 11, 4], "texture": "#all", "cullface": "down"},
				"south": {"uv": [6, 0, 14, 4], "texture": "#all", "cullface": "down"},
				"west": {"uv": [5, 0, 13, 4], "texture": "#all", "cullface": "down"},
				"down": {"uv": [6, 3, 14, 11], "texture": "#all", "cullface": "down"}
			}
		},
		{
			"from": [8, -16, 7],
			"to": [12, -4, 11],
			"rotation": {"angle": 0, "axis": "y", "origin": [10, -4, 9]},
			"faces": {
				"north": {"uv": [4, 4, 8, 16], "texture": "#all", "cullface": "down"},
				"east": {"uv": [5, 4, 9, 16], "texture": "#all", "cullface": "down"},
				"south": {"uv": [8, 4, 12, 16], "texture": "#all", "cullface": "down"},
				"west": {"uv": [7, 4, 11, 16], "texture": "#all", "cullface": "down"},
				"down": {"uv": [8, 5, 12, 9], "texture": "#all", "cullface": "down"}
			}
		}
	]
}