{
	"parent": "block/block",
	"textures": {
		"particle": "block/composter_side",
		"side": "block/composter_side",
		"top": "block/foodcrate",
		"bottom": "block/composter_bottom"
	},
	"elements": [
		{
			"from": [0, 0, 0],
			"to": [16, 14, 16],
			"faces": {
				"north": {"uv": [0, 2, 16, 16], "texture": "#side", "cullface": "north"},
				"east": {"uv": [0, 2, 16, 16], "texture": "#side", "cullface": "east"},
				"south": {"uv": [0, 2, 16, 16], "texture": "#side", "cullface": "south"},
				"west": {"uv": [0, 2, 16, 16], "texture": "#side", "cullface": "west"},
				"up": {"uv": [0, 0, 16, 16], "texture": "#top", "cullface": "up"},
				"down": {"uv": [0, 0, 16, 16], "texture": "#bottom", "cullface": "down"}
			}
		},
		{
			"from": [0, 14, 0],
			"to": [16, 16, 1],
			"faces": {
				"north": {"uv": [0, 0, 16, 2], "texture": "#side", "cullface": "north"},
				"east": {"uv": [15, 0, 16, 2], "texture": "#side", "cullface": "east"},
				"south": {"uv": [0, 0, 16, 2], "texture": "#side", "cullface": "up"},
				"west": {"uv": [0, 0, 1, 2], "texture": "#side", "cullface": "west"},
				"up": {"uv": [0, 0, 16, 1], "texture": "#top", "cullface": "up"}
			}
		},
		{
			"from": [0, 14, 15],
			"to": [16, 16, 16],
			"faces": {
				"north": {"uv": [0, 0, 16, 2], "texture": "#side", "cullface": "up"},
				"east": {"uv": [0, 0, 1, 2], "texture": "#side", "cullface": "east"},
				"south": {"uv": [0, 0, 16, 2], "texture": "#side", "cullface": "south"},
				"west": {"uv": [15, 0, 16, 2], "texture": "#side", "cullface": "west"},
				"up": {"uv": [0, 15, 16, 16], "texture": "#top", "cullface": "up"}
			}
		},
		{
			"from": [0, 14, 1],
			"to": [1, 16, 15],
			"faces": {
				"east": {"uv": [1, 0, 15, 2], "texture": "#side", "cullface": "up"},
				"west": {"uv": [1, 0, 15, 2], "texture": "#side", "cullface": "west"},
				"up": {"uv": [0, 1, 1, 15], "texture": "#top", "cullface": "up"}
			}
		},
		{
			"from": [15, 14, 1],
			"to": [16, 16, 15],
			"faces": {
				"east": {"uv": [1, 0, 15, 2], "texture": "#side", "cullface": "east"},
				"west": {"uv": [1, 0, 15, 2], "texture": "#side", "cullface": "up"},
				"up": {"uv": [15, 1, 16, 15], "texture": "#top", "cullface": "up"}
			}
		}
	]
}