{
	"parent": "block/block",
	"textures": {
		"particle": "block/extra/candles",
		"all": "block/extra/candles",
		"flame": "block/torch"
	},
	"elements": [
		{
			"from": [4, 0, 4],
			"to": [6, 6, 6],
			"faces": {
				"north": {"uv": [2, 0, 4, 6], "texture": "#all"},
				"east": {"uv": [2, 8, 4, 14], "texture": "#all"},
				"south": {"uv": [2, 0, 4, 6], "texture": "#all"},
				"west": {"uv": [2, 8, 4, 14], "texture": "#all"},
				"up": {"uv": [14, 0, 16, 2], "texture": "#all"},
				"down": {"uv": [14, 8, 16, 10], "texture": "#all", "cullface": "down"}
			}
		},
		{
			"from": [9, 0, 9],
			"to": [11, 4, 11],
			"faces": {
				"north": {"uv": [6, 0, 8, 4], "texture": "#all"},
				"east": {"uv": [6, 8, 8, 12], "texture": "#all"},
				"south": {"uv": [6, 0, 8, 4], "texture": "#all"},
				"west": {"uv": [6, 8, 8, 12], "texture": "#all"},
				"up": {"uv": [10, 4, 12, 6], "texture": "#all"},
				"down": {"uv": [10, 12, 12, 14], "texture": "#all", "cullface": "down"}
			}
		},
		{
			"from": [4.5, 6, 5],
			"to": [5.5, 9, 5],
			"shade": false,
			"rotation": {"angle": 45, "axis": "y", "origin": [5, 8, 5], "rescale": true},
			"faces": {
				"north": {"uv": [6, 2, 10, 8], "texture": "#flame"},
				"south": {"uv": [10, 2, 6, 8], "texture": "#flame"}
			}
		},
		{
			"from": [5, 6, 4.5],
			"to": [5, 9, 5.5],
			"shade": false,
			"rotation": {"angle": 45, "axis": "y", "origin": [5, 8, 5], "rescale": true},
			"faces": {
				"east": {"uv": [10, 2, 6, 8], "texture": "#flame"},
				"west": {"uv": [6, 2, 10, 8], "texture": "#flame"}
			}
		},
		{
			"from": [9.5, 4, 10],
			"to": [10.5, 7, 10],
			"shade": false,
			"rotation": {"angle": 45, "axis": "y", "origin": [10, 8, 10], "rescale": true},
			"faces": {
				"north": {"uv": [10, 2, 6, 8], "texture": "#flame"},
				"south": {"uv": [6, 2, 10, 8], "texture": "#flame"}
			}
		},
		{
			"from": [10, 4, 9.5],
			"to": [10, 7, 10.5],
			"shade": false,
			"rotation": {"angle": 45, "axis": "y", "origin": [10, 8, 10], "rescale": true},
			"faces": {
				"east": {"uv": [6, 2, 10, 8], "texture": "#flame"},
				"west": {"uv": [10, 2, 6, 8], "texture": "#flame"}
			}
		}
	]
}