{
	"ambientocclusion": false,
	"textures": {
		"particle": "block/bamboo_large_leaves",
		"texture": "block/bamboo_large_leaves",
		"extra": "block/extra/bamboo_leaves_extra"
	},
	"elements": [
		{
			"from": [-7, 0.4, 8],
			"to": [23, 16.4, 8],
			"shade": false,
			"rotation": {"angle": 45, "axis": "y", "origin": [8, 8.4, 8]},
			"faces": {
				"north": {"uv": [0, 0, 16, 16], "texture": "#texture", "tintindex": 0},
				"south": {"uv": [16, 0, 0, 16], "texture": "#texture", "tintindex": 0}
			}
		},
		{
			"from": [8, 0.4, -7],
			"to": [8, 16.4, 23],
			"shade": false,
			"rotation": {"angle": 45, "axis": "y", "origin": [8, 8.4, 8]},
			"faces": {
				"east": {"uv": [0, 0, 16, 16], "texture": "#texture", "tintindex": 0},
				"west": {"uv": [16, 0, 0, 16], "texture": "#texture", "tintindex": 0}
			}
		},
		{
			"from": [-1, 16, -11],
			"to": [17, 16, 7],
			"shade": false,
			"rotation": {"angle": -45, "axis": "x", "origin": [8, 16, 7]},
			"faces": {
				"up": {"uv": [0, 0, 8, 8], "rotation": 180, "texture": "#extra", "tintindex": 0},
				"down": {"uv": [8, 0, 0, 8], "texture": "#extra", "tintindex": 0}
			}
		},
		{
			"from": [-1, 8, -11],
			"to": [17, 8, 7],
			"shade": false,
			"rotation": {"angle": -45, "axis": "x", "origin": [8, 8, 7]},
			"faces": {
				"up": {"uv": [8, 0, 16, 8], "rotation": 180, "texture": "#extra", "tintindex": 0},
				"down": {"uv": [16, 0, 8, 8], "texture": "#extra", "tintindex": 0}
			}
		},
		{
			"from": [-1, 16, 9],
			"to": [17, 16, 27],
			"shade": false,
			"rotation": {"angle": 45, "axis": "x", "origin": [8, 16, 9]},
			"faces": {
				"up": {"uv": [8, 0, 16, 8], "texture": "#extra", "tintindex": 0},
				"down": {"uv": [16, 0, 8, 8], "rotation": 180, "texture": "#extra", "tintindex": 0}
			}
		},
		{
			"from": [-1, 8, 9],
			"to": [17, 8, 27],
			"shade": false,
			"rotation": {"angle": 45, "axis": "x", "origin": [8, 8, 9]},
			"faces": {
				"up": {"uv": [0, 0, 8, 8], "texture": "#extra", "tintindex": 0},
				"down": {"uv": [8, 0, 0, 8], "rotation": 180, "texture": "#extra", "tintindex": 0}
			}
		},
		{
			"from": [-11, 16, -1],
			"to": [7, 16, 17],
			"shade": false,
			"rotation": {"angle": 45, "axis": "z", "origin": [7, 16, 8]},
			"faces": {
				"up": {"uv": [8, 8, 16, 16], "rotation": 90, "texture": "#extra", "tintindex": 0},
				"down": {"uv": [16, 8, 8, 16], "rotation": 90, "texture": "#extra", "tintindex": 0}
			}
		},
		{
			"from": [-11, 8, -1],
			"to": [7, 8, 17],
			"shade": false,
			"rotation": {"angle": 45, "axis": "z", "origin": [7, 8, 8]},
			"faces": {
				"up": {"uv": [0, 8, 8, 16], "rotation": 90, "texture": "#extra", "tintindex": 0},
				"down": {"uv": [8, 8, 0, 16], "rotation": 90, "texture": "#extra", "tintindex": 0}
			}
		},
		{
			"from": [9, 16, -1],
			"to": [27, 16, 17],
			"shade": false,
			"rotation": {"angle": -45, "axis": "z", "origin": [9, 16, 8]},
			"faces": {
				"up": {"uv": [0, 8, 8, 16], "rotation": 270, "texture": "#extra", "tintindex": 0},
				"down": {"uv": [8, 8, 0, 16], "rotation": 270, "texture": "#extra", "tintindex": 0}
			}
		},
		{
			"from": [9, 8, -1],
			"to": [27, 8, 17],
			"shade": false,
			"rotation": {"angle": -45, "axis": "z", "origin": [9, 8, 8]},
			"faces": {
				"up": {"uv": [8, 8, 16, 16], "rotation": 270, "texture": "#extra", "tintindex": 0},
				"down": {"uv": [16, 8, 8, 16], "rotation": 270, "texture": "#extra", "tintindex": 0}
			}
		}
	]
}