{
	"textures": {
		"particle": "block/brewing_stand",
		"stand": "block/brewing_stand"
	},
	"elements": [
		{
			"from": [-0.41, 0, 8],
			"to": [7.59, 16, 8],
			"rotation": {"angle": 45, "axis": "y", "origin": [8, 8, 8]},
			"faces": {
				"north": {"uv": [8, 0, 0, 16], "texture": "#stand"},
				"south": {"uv": [0, 0, 8, 16], "texture": "#stand"}
			}
		},
		{
			"from": [3.821, 2, 9.679],
			"to": [3.821, 9, 14.679],
			"rotation": {"angle": 45, "axis": "y", "origin": [3.821, 5.5, 12.179]},
			"faces": {
				"east": {"uv": [5, 7, 0, 14], "texture": "#stand"},
				"west": {"uv": [0, 7, 5, 14], "texture": "#stand"}
			}
		}
	]
}