{
	"parent": "block/block",
	"textures": {
		"side": "block/oak_log",
		"cut": "block/stripped_oak_log",
		"log": "block/oak_log_top",
		"particle": "block/campfire_log"
	},
	"elements": [
		{
			"from": [1, 0, 0],
			"to": [5, 4, 16],
			"faces": {
				"north": {"uv": [0.5, 9.5, 6.5, 15.5], "rotation": 180, "texture": "#log", "cullface": "north"},
				"east": {"uv": [3, 0, 9, 16], "rotation": 90, "texture": "#cut"},
				"south": {"uv": [0.5, 0.5, 6.5, 6.5], "texture": "#log", "cullface": "south"},
				"west": {"uv": [3, 0, 9, 16], "rotation": 270, "texture": "#side"},
				"up": {"uv": [3, 0, 9, 16], "texture": "#side"},
				"down": {"uv": [3, 0, 9, 16], "rotation": 180, "texture": "#cut", "cullface": "down"}
			}
		},
		{
			"from": [0, 3, 11],
			"to": [16, 7, 15],
			"faces": {
				"north": {"uv": [10, 0, 16, 16], "rotation": 270, "texture": "#cut"},
				"east": {"uv": [0.5, 0.5, 6.5, 6.5], "texture": "#log", "cullface": "east"},
				"south": {"uv": [10, 0, 16, 16], "rotation": 90, "texture": "#side"},
				"west": {"uv": [0.5, 9.5, 6.5, 15.5], "rotation": 180, "texture": "#log", "cullface": "west"},
				"up": {"uv": [10, 0, 16, 16], "rotation": 90, "texture": "#side"},
				"down": {"uv": [10, 0, 16, 16], "rotation": 90, "texture": "#cut"}
			}
		},
		{
			"from": [11, 0, 0],
			"to": [15, 4, 16],
			"faces": {
				"north": {"uv": [0.5, 0.5, 6.5, 6.5], "texture": "#log", "cullface": "north"},
				"east": {"uv": [7, 0, 13, 16], "rotation": 90, "texture": "#side"},
				"south": {"uv": [0.5, 9.5, 6.5, 15.5], "rotation": 180, "texture": "#log", "cullface": "south"},
				"west": {"uv": [7, 0, 13, 16], "rotation": 270, "texture": "#cut"},
				"up": {"uv": [7, 0, 13, 16], "texture": "#side"},
				"down": {"uv": [7, 0, 13, 16], "rotation": 180, "texture": "#cut", "cullface": "down"}
			}
		},
		{
			"from": [0, 3, 1],
			"to": [16, 7, 5],
			"faces": {
				"north": {"uv": [0, 0, 6, 16], "rotation": 270, "texture": "#side"},
				"east": {"uv": [0.5, 9.5, 6.5, 15.5], "rotation": 180, "texture": "#log", "cullface": "east"},
				"south": {"uv": [0, 0, 6, 16], "rotation": 90, "texture": "#cut"},
				"west": {"uv": [0.5, 0.5, 6.5, 6.5], "texture": "#log", "cullface": "west"},
				"up": {"uv": [0, 0, 6, 16], "rotation": 90, "texture": "#side"},
				"down": {"uv": [0, 0, 6, 16], "rotation": 90, "texture": "#cut"}
			}
		}
	],
	"display": {
		"head": {
			"translation": [0, 10.5, 0]
		}
	}
}