{
	"ambientocclusion": false,
	"textures": {
		"particle": "block/terracotta",
		"flowerpot": "block/terracotta",
		"cactus": "block/cactus_side"
	},
	"elements": [
		{
			"from": [5, 4, 5],
			"to": [11, 6, 11],
			"faces": {
				"north": {"uv": [5, 10, 11, 12], "texture": "#flowerpot"},
				"east": {"uv": [5, 10, 11, 12], "texture": "#flowerpot"},
				"south": {"uv": [5, 10, 11, 12], "texture": "#flowerpot"},
				"west": {"uv": [5, 10, 11, 12], "texture": "#flowerpot"},
				"up": {"uv": [5, 5, 11, 11], "texture": "#flowerpot"},
				"down": {"uv": [5, 5, 11, 11], "texture": "#flowerpot"}
			}
		},
		{
			"from": [5.5, 0, 5.5],
			"to": [10.5, 4, 10.5],
			"faces": {
				"north": {"uv": [5.5, 12, 10.5, 16], "texture": "#flowerpot"},
				"east": {"uv": [5.5, 12, 10.5, 16], "texture": "#flowerpot"},
				"south": {"uv": [5.5, 12, 10.5, 16], "texture": "#flowerpot"},
				"west": {"uv": [5.5, 12, 10.5, 16], "texture": "#flowerpot"},
				"down": {"uv": [5.5, 5.5, 10.5, 10.5], "texture": "#flowerpot", "cullface": "down"}
			}
		},
		{
			"from": [6, 6, 6],
			"to": [10, 16, 10],
			"faces": {
				"north": {"uv": [6, 0, 10, 10], "texture": "#cactus"},
				"east": {"uv": [6, 0, 10, 10], "texture": "#cactus"},
				"south": {"uv": [6, 0, 10, 10], "texture": "#cactus"},
				"west": {"uv": [6, 0, 10, 10], "texture": "#cactus"},
				"up": {"uv": [6, 6, 10, 10], "texture": "#cactus"}
			}
		}
	]
}