{
	"ambientocclusion": false,
	"textures": {
		"bamboo": "block/bamboo_stalk",
		"particle": "block/terracotta",
		"flowerpot": "block/terracotta",
		"dirt": "block/dirt"
	},
	"elements": [
		{
			"from": [7, 0, 7],
			"to": [9, 16, 9],
			"faces": {
				"north": {"uv": [0, 0, 3, 16], "texture": "#bamboo"},
				"east": {"uv": [9, 0, 12, 16], "texture": "#bamboo"},
				"south": {"uv": [6, 0, 9, 16], "texture": "#bamboo"},
				"west": {"uv": [3, 0, 6, 16], "texture": "#bamboo"},
				"up": {"uv": [13, 0, 16, 3], "texture": "#bamboo", "cullface": "up"}
			}
		},
		{
			"from": [5.5, 0, 5.5],
			"to": [10.5, 4, 10.5],
			"faces": {
				"north": {"uv": [5.5, 12, 10.5, 16], "texture": "#flowerpot"},
				"east": {"uv": [5.5, 12, 10.5, 16], "texture": "#flowerpot"},
				"south": {"uv": [5.5, 12, 10.5, 16], "texture": "#flowerpot"},
				"west": {"uv": [5.5, 12, 10.5, 16], "texture": "#flowerpot"},
				"up": {"uv": [5.5, 5.5, 10.5, 10.5], "texture": "#dirt"},
				"down": {"uv": [5.5, 5.5, 10.5, 10.5], "texture": "#flowerpot", "cullface": "down"}
			}
		},
		{
			"from": [6, 4, 10],
			"to": [10, 6, 11],
			"faces": {
				"north": {"uv": [6, 10, 10, 12], "texture": "#flowerpot"},
				"south": {"uv": [6, 10, 10, 12], "texture": "#flowerpot"},
				"up": {"uv": [6, 10, 10, 11], "texture": "#flowerpot"},
				"down": {"uv": [6, 5, 10, 6], "texture": "#flowerpot"}
			}
		},
		{
			"from": [6, 4, 5],
			"to": [10, 6, 6],
			"faces": {
				"north": {"uv": [6, 10, 10, 12], "texture": "#flowerpot"},
				"south": {"uv": [6, 10, 10, 12], "texture": "#flowerpot"},
				"up": {"uv": [6, 5, 10, 6], "texture": "#flowerpot"},
				"down": {"uv": [6, 10, 10, 11], "texture": "#flowerpot"}
			}
		},
		{
			"from": [10, 4, 5],
			"to": [11, 6, 11],
			"faces": {
				"north": {"uv": [5, 10, 6, 12], "texture": "#flowerpot"},
				"east": {"uv": [5, 10, 11, 12], "texture": "#flowerpot"},
				"south": {"uv": [10, 10, 11, 12], "texture": "#flowerpot"},
				"west": {"uv": [5, 10, 11, 12], "texture": "#flowerpot"},
				"up": {"uv": [10, 5, 11, 11], "texture": "#flowerpot"},
				"down": {"uv": [10, 5, 11, 11], "texture": "#flowerpot"}
			}
		},
		{
			"from": [5, 4, 5],
			"to": [6, 6, 11],
			"faces": {
				"north": {"uv": [10, 10, 11, 12], "texture": "#flowerpot"},
				"east": {"uv": [5, 10, 11, 12], "texture": "#flowerpot"},
				"south": {"uv": [5, 10, 6, 12], "texture": "#flowerpot"},
				"west": {"uv": [5, 10, 11, 12], "texture": "#flowerpot"},
				"up": {"uv": [5, 5, 6, 11], "texture": "#flowerpot"},
				"down": {"uv": [5, 5, 6, 11], "texture": "#flowerpot"}
			}
		}
	]
}