{
	"ambientocclusion": false,
	"textures": {
		"particle": "#rail"
	},
	"elements": [
		{
			"from": [1, 0, 1.5],
			"to": [15, 0.6, 3.5],
			"rotation": {"angle": -45, "axis": "x", "origin": [8, 0.6, 0], "rescale": true},
			"faces": {
				"north": {"uv": [1, 3, 15, 3.5], "texture": "#rail"},
				"east": {"uv": [1, 1.5, 1.5, 3.5], "rotation": 270, "texture": "#rail"},
				"south": {"uv": [1, 1.5, 15, 2], "texture": "#rail"},
				"west": {"uv": [14.5, 1.5, 15, 3.5], "rotation": 90, "texture": "#rail"},
				"down": {"uv": [1, 12.5, 15, 14.5], "texture": "#rail"}
			}
		},
		{
			"from": [1, 0, 7],
			"to": [15, 0.6, 9],
			"rotation": {"angle": -45, "axis": "x", "origin": [8, 0.6, 0], "rescale": true},
			"faces": {
				"north": {"uv": [1, 8.5, 15, 9], "texture": "#rail"},
				"east": {"uv": [1, 7, 1.5, 9], "rotation": 270, "texture": "#rail"},
				"south": {"uv": [1, 7, 15, 7.5], "texture": "#rail"},
				"west": {"uv": [14.5, 7, 15, 9], "rotation": 90, "texture": "#rail"},
				"down": {"uv": [1, 7, 15, 9], "texture": "#rail"}
			}
		},
		{
			"from": [1, 0, 12.5],
			"to": [15, 0.6, 14.5],
			"rotation": {"angle": -45, "axis": "x", "origin": [8, 0.6, 0], "rescale": true},
			"faces": {
				"north": {"uv": [1, 14, 15, 14.5], "texture": "#rail"},
				"east": {"uv": [1, 12.5, 1.5, 14.5], "rotation": 270, "texture": "#rail"},
				"south": {"uv": [1, 12, 15, 12.5], "texture": "#rail"},
				"west": {"uv": [14.5, 12.5, 15, 14.5], "rotation": 90, "texture": "#rail"},
				"down": {"uv": [1, 1.5, 15, 3.5], "texture": "#rail"}
			}
		},
		{
			"from": [2.249, 0.6, 0],
			"to": [3.749, 1.225, 16],
			"rotation": {"angle": -45, "axis": "x", "origin": [2.999, 0.6, 0], "rescale": true},
			"faces": {
				"north": {"uv": [2, 0, 3.5, 0.5], "rotation": 180, "texture": "#extra", "cullface": "north"},
				"east": {"uv": [3, 16, 3.5, 0], "rotation": 270, "texture": "#extra"},
				"west": {"uv": [2, 16, 2.5, 0], "rotation": 90, "texture": "#extra"},
				"up": {"uv": [2, 0, 3.5, 16], "texture": "#extra"}
			}
		},
		{
			"from": [12.251, 0.6, 0],
			"to": [13.751, 1.225, 16],
			"rotation": {"angle": -45, "axis": "x", "origin": [13.001, 0.6, 0], "rescale": true},
			"faces": {
				"north": {"uv": [12, 0, 13.5, 0.5], "rotation": 180, "texture": "#extra", "cullface": "north"},
				"east": {"uv": [13, 16, 13.5, 0], "rotation": 270, "texture": "#extra"},
				"west": {"uv": [12, 16, 12.5, 0], "rotation": 90, "texture": "#extra"},
				"up": {"uv": [12, 0, 13.5, 16], "texture": "#extra"}
			}
		},
		{
			"from": [2.25, 16.6, 15.375],
			"to": [3.75, 17.225, 16],
			"rotation": {"angle": 0, "axis": "y", "origin": [3, 16.6, 16]},
			"faces": {
				"east": {"uv": [3, 0.5, 3.5, 0], "rotation": 270, "texture": "#extra"},
				"south": {"uv": [2, 0.5, 3.5, 1], "texture": "#extra", "cullface": "south"},
				"west": {"uv": [2, 0.5, 2.5, 0], "rotation": 90, "texture": "#extra"},
				"up": {"uv": [2, 0, 3.5, 0.5], "texture": "#extra"}
			}
		},
		{
			"from": [12.25, 16.6, 15.375],
			"to": [13.75, 17.225, 16],
			"rotation": {"angle": 0, "axis": "y", "origin": [13, 16.6, 16]},
			"faces": {
				"east": {"uv": [13, 0.5, 13.5, 0], "rotation": 270, "texture": "#extra"},
				"south": {"uv": [12, 0.5, 13.5, 1], "texture": "#extra", "cullface": "south"},
				"west": {"uv": [12, 0.5, 12.5, 0], "rotation": 90, "texture": "#extra"},
				"up": {"uv": [12, 0, 13.5, 0.5], "texture": "#extra"}
			}
		},
		{
			"from": [0, 0.6, 0],
			"to": [16, 0.6, 16],
			"rotation": {"angle": -45, "axis": "x", "origin": [8, 0.6, 0], "rescale": true},
			"faces": {
				"up": {"uv": [0, 0, 16, 16], "texture": "#rail"},
				"down": {"uv": [0, 16, 16, 0], "texture": "#rail"}
			}
		},
		{
			"from": [0, 0.8, 0],
			"to": [16, 0.8, 16],
			"rotation": {"angle": -45, "axis": "x", "origin": [8, 0.8, 0], "rescale": true},
			"faces": {
				"up": {"uv": [0, 0, 16, 16], "texture": "#extra"},
				"down": {"uv": [0, 16, 16, 0], "texture": "#extra"}
			}
		}
	]
}