{
	"textures": {
		"hook": "block/tripwire_hook",
		"wood": "block/spruce_planks",
		"particle": "block/spruce_planks",
		"tripwire": "block/tripwire"
	},
	"elements": [
		{
			"from": [7.75, 0.5, 0],
			"to": [8.25, 0.5, 6.7],
			"rotation": {"angle": -22.5, "axis": "x", "origin": [8, 0, 0], "rescale": true},
			"faces": {
				"up": {"uv": [0, 6, 16, 8], "rotation": 90, "texture": "#tripwire"},
				"down": {"uv": [0, 8, 16, 6], "rotation": 90, "texture": "#tripwire"}
			}
		},
		{
			"from": [6.2, 3.6, 6.7],
			"to": [9.8, 3.6, 10.3],
			"faces": {
				"up": {"uv": [5, 3, 11, 9], "texture": "#hook"},
				"down": {"uv": [5, 3, 11, 9], "texture": "#hook"}
			}
		},
		{
			"from": [6.2, 3.8, 6.7],
			"to": [9.8, 3.8, 10.3],
			"faces": {
				"up": {"uv": [5, 3, 11, 9], "texture": "#hook"},
				"down": {"uv": [5, 3, 11, 9], "texture": "#hook"}
			}
		},
		{
			"from": [6.2, 4, 6.7],
			"to": [9.8, 4, 10.3],
			"faces": {
				"up": {"uv": [5, 3, 11, 9], "texture": "#hook"},
				"down": {"uv": [5, 3, 11, 9], "texture": "#hook"}
			}
		},
		{
			"from": [7.4, 5.2, 10],
			"to": [8.8, 6.8, 14],
			"rotation": {"angle": -22.5, "axis": "x", "origin": [8, 6, 14]},
			"faces": {
				"north": {"uv": [7, 9, 9, 11], "texture": "#wood"},
				"east": {"uv": [0, 13, 5, 15], "texture": "#wood"},
				"south": {"uv": [7, 9, 9, 11], "texture": "#wood"},
				"west": {"uv": [11, 13, 16, 15], "texture": "#wood"},
				"up": {"uv": [0, 5, 5, 7], "rotation": 90, "texture": "#wood"},
				"down": {"uv": [11, 5, 16, 7], "rotation": 90, "texture": "#wood"}
			}
		},
		{
			"from": [6, 1, 14],
			"to": [10, 9, 16],
			"faces": {
				"north": {"uv": [4, 0, 12, 4], "rotation": 90, "texture": "#wood"},
				"east": {"uv": [4, 9, 12, 11], "rotation": 90, "texture": "#wood"},
				"south": {"uv": [4, 0, 12, 4], "rotation": 90, "texture": "#wood", "cullface": "south"},
				"west": {"uv": [4, 9, 12, 11], "rotation": 90, "texture": "#wood"},
				"up": {"uv": [12, 5, 16, 7], "texture": "#wood"},
				"down": {"uv": [0, 5, 4, 7], "texture": "#wood"}
			}
		}
	]
}