{
	"parent": "block/block",
	"textures": {
		"particle": "block/sea_pickle",
		"all": "block/sea_pickle"
	},
	"elements": [
		{
			"from": [3, 0, 3],
			"to": [7, 6, 7],
			"faces": {
				"north": {"uv": [0, 5, 4, 11.5], "texture": "#all"},
				"east": {"uv": [4, 5, 8, 11.5], "texture": "#all"},
				"south": {"uv": [0, 5, 4, 11.5], "texture": "#all"},
				"west": {"uv": [4, 5, 8, 11.5], "texture": "#all"},
				"up": {"uv": [4, 1, 8, 5], "texture": "#all"},
				"down": {"uv": [4, 12, 8, 16], "texture": "#all", "cullface": "down"}
			}
		},
		{
			"from": [8, 0, 8],
			"to": [12, 4, 12],
			"faces": {
				"north": {"uv": [8, 5, 12, 10], "texture": "#all"},
				"east": {"uv": [12, 5, 16, 10], "texture": "#all"},
				"south": {"uv": [8, 5, 12, 10], "texture": "#all"},
				"west": {"uv": [12, 5, 16, 10], "texture": "#all"},
				"up": {"uv": [8, 1, 12, 5], "texture": "#all"},
				"down": {"uv": [8, 12, 12, 16], "texture": "#all", "cullface": "down"}
			}
		}
	]
}