{
	"ambientocclusion": false,
	"textures": {
		"ring": "block/lantern",
		"particle": "block/torch",
		"torch": "block/torch"
	},
	"elements": [
		{
			"from": [1.7, 3.25, 7.25],
			"to": [3.2, 12.25, 8.75],
			"shade": false,
			"rotation": {"angle": -22.5, "axis": "z", "origin": [2.45, 7.5, 8]},
			"faces": {
				"north": {"uv": [7, 6, 9, 15], "texture": "#torch"},
				"east": {"uv": [7, 6, 9, 15], "texture": "#torch"},
				"south": {"uv": [7, 6, 9, 15], "texture": "#torch"},
				"west": {"uv": [7, 6, 9, 15], "texture": "#torch"},
				"up": {"uv": [7, 5.5, 9, 7.5], "rotation": 270, "texture": "#torch"}
			}
		},
		{
			"from": [-0.3, 6.3, 7],
			"to": [3.45, 7.3, 9],
			"shade": false,
			"rotation": {"angle": -22.5, "axis": "z", "origin": [2.45, 7.5, 8]},
			"faces": {
				"north": {"uv": [1, 1, 5, 2], "texture": "#ring"},
				"east": {"uv": [2, 1, 4, 2], "texture": "#ring"},
				"south": {"uv": [1, 1, 5, 2], "texture": "#ring"},
				"west": {"uv": [2, 1, 4, 2], "texture": "#ring"},
				"up": {"uv": [2, 9, 4, 13], "rotation": 270, "texture": "#ring"},
				"down": {"uv": [2, 9, 4, 13], "rotation": 270, "texture": "#ring"}
			}
		},
		{
			"from": [-0.26584, 2.62114, 7.125],
			"to": [1.48416, 3.62114, 8.875],
			"shade": false,
			"rotation": {"angle": -22.5, "axis": "z", "origin": [0.60916, 3.12114, 8]},
			"faces": {
				"north": {"uv": [1, 1, 2.75, 2], "texture": "#ring"},
				"east": {"uv": [2.125, 1, 3.875, 2], "texture": "#ring"},
				"south": {"uv": [3.25, 1, 5, 2], "texture": "#ring"},
				"west": {"uv": [2.125, 1, 3.875, 2], "texture": "#ring"},
				"up": {"uv": [2, 11, 4, 13], "texture": "#ring"},
				"down": {"uv": [2, 11, 4, 13], "rotation": 270, "texture": "#ring"}
			}
		},
		{
			"from": [2.7, 9.5, 0],
			"to": [4.7, 18, 16],
			"shade": false,
			"rotation": {"angle": 0, "axis": "z", "origin": [3.7, 9.75, 8]},
			"faces": {
				"east": {"uv": [0, 0, 16, 8.5], "texture": "#torch"},
				"west": {"uv": [0, 0, 16, 8.5], "texture": "#torch"}
			}
		},
		{
			"from": [-4.3, 9.5, 7],
			"to": [11.7, 18, 9],
			"shade": false,
			"rotation": {"angle": 0, "axis": "z", "origin": [3.7, 9.75, 8]},
			"faces": {
				"north": {"uv": [0, 0, 16, 8.5], "texture": "#torch"},
				"south": {"uv": [0, 0, 16, 8.5], "texture": "#torch"}
			}
		}
	]
}