{
    "multipart": [
        {   "when": { "level": "0" },
            "apply": [
                { "model": "block/cauldron" },
                { "model": "block/cauldron", "y": 90 },
                { "model": "block/cauldron", "y": 180 },
                { "model": "block/cauldron", "y": 270 }
            ]
        },
        {   "when": { "level": "1" },
            "apply": [
                { "model": "block/cauldron_level1" },
                { "model": "block/cauldron_level1", "y": 90 },
                { "model": "block/cauldron_level1", "y": 180 },
                { "model": "block/cauldron_level1", "y": 270 }
            ]
        },
        {   "when": { "level": "2" },
            "apply": [
                { "model": "block/cauldron_level2" },
                { "model": "block/cauldron_level2", "y": 90 },
                { "model": "block/cauldron_level2", "y": 180 },
                { "model": "block/cauldron_level2", "y": 270 }
            ]
        },
        {   "when": { "level": "3" },
            "apply": [
                { "model": "block/cauldron_level3" },
                { "model": "block/cauldron_level3", "y": 90 },
                { "model": "block/cauldron_level3", "y": 180 },
                { "model": "block/cauldron_level3", "y": 270 }
            ]
        }
    ]
}
