{
    "multipart": [
        {   "apply": { "model": "block/diamond_ore" }
        },
        {   "apply": [
                { "model": "block/air", "weight": 2 },
                { "model": "block/diamond_ore2", "weight": 1 },
                { "model": "block/diamond_ore2", "y": 90, "weight": 1 },
                { "model": "block/diamond_ore2", "y": 180, "weight": 1 },
                { "model": "block/diamond_ore2", "y": 270, "weight": 1 },
                { "model": "block/diamond_ore3", "weight": 2 },
                { "model": "block/diamond_ore3", "y": 90, "weight": 2 },
                { "model": "block/diamond_ore3", "y": 180, "weight": 2 },
                { "model": "block/diamond_ore3", "y": 270, "weight": 2 },
                { "model": "block/diamond_ore4", "weight": 1 },
                { "model": "block/diamond_ore4", "y": 90, "weight": 1 },
                { "model": "block/diamond_ore4", "y": 180, "weight": 1 },
                { "model": "block/diamond_ore4", "y": 270, "weight": 1 }
            ]
        }
    ]
}
