{
    "multipart": [
        {   "apply": { "model": "block/diorite" }
        },
        {   "apply": [
                { "model": "block/air", "weight": 32 },
                { "model": "block/diorite2", "weight": 1 },
                { "model": "block/diorite2", "y": 90, "weight": 1 },
                { "model": "block/diorite2", "y": 180, "weight": 1 },
                { "model": "block/diorite2", "y": 270, "weight": 1 },
                { "model": "block/diorite3", "weight": 1 },
                { "model": "block/diorite3", "y": 90, "weight": 1 },
                { "model": "block/diorite3", "y": 180, "weight": 1 },
                { "model": "block/diorite3", "y": 270, "weight": 1 }
            ]
        }
    ]
}
