{
    "variants": {
        "": [
            { "model": "block/grass", "weight": 12 },
            { "model": "block/grass", "y": 90, "weight": 12 },
            { "model": "block/grass", "y": 180, "weight": 12 },
            { "model": "block/grass", "y": 270, "weight": 12 },
            { "model": "block/oak_leaves2", "weight": 1 },
            { "model": "block/oak_leaves2", "y": 90, "weight": 1 },
            { "model": "block/oak_leaves2", "y": 180, "weight": 1 },
            { "model": "block/oak_leaves2", "y": 270, "weight": 1 },
            { "model": "block/birch_leaves2", "weight": 1 },
            { "model": "block/birch_leaves2", "y": 90, "weight": 1 },
            { "model": "block/birch_leaves2", "y": 180, "weight": 1 },
            { "model": "block/birch_leaves2", "y": 270, "weight": 1 },
            { "model": "block/jungle_leaves2", "weight": 1 },
            { "model": "block/jungle_leaves2", "y": 90, "weight": 1 },
            { "model": "block/jungle_leaves2", "y": 180, "weight": 1 },
            { "model": "block/jungle_leaves2", "y": 270, "weight": 1 }
        ]
    }
}
